{
  "id": "2569657",
  "name": "15天",
  "font_family": "iconfont",
  "css_prefix_text": "icon-",
  "description": "",
  "glyphs": [
    {
      "icon_id": "15838424",
      "name": "add",
      "font_class": "add",
      "unicode": "e664",
      "unicode_decimal": 58980
    },
    {
      "icon_id": "15838429",
      "name": "arrow-down",
      "font_class": "arrow-down",
      "unicode": "e665",
      "unicode_decimal": 58981
    },
    {
      "icon_id": "15838430",
      "name": "ashbin",
      "font_class": "ashbin",
      "unicode": "e666",
      "unicode_decimal": 58982
    },
    {
      "icon_id": "15838525",
      "name": "search",
      "font_class": "search",
      "unicode": "e67e",
      "unicode_decimal": 59006
    },
    {
      "icon_id": "648782",
      "name": "书",
      "font_class": "shu1",
      "unicode": "e625",
      "unicode_decimal": 58917
    },
    {
      "icon_id": "7708055",
      "name": "上传",
      "font_class": "shangchuan",
      "unicode": "e621",
      "unicode_decimal": 58913
    },
    {
      "icon_id": "15838583",
      "name": "arrow-left-filling",
      "font_class": "arrow-left-filling",
      "unicode": "e688",
      "unicode_decimal": 59016
    },
    {
      "icon_id": "15838584",
      "name": "arrow-right-filling",
      "font_class": "arrow-right-filling",
      "unicode": "e689",
      "unicode_decimal": 59017
    },
    {
      "icon_id": "7069168",
      "name": "图片",
      "font_class": "tupian",
      "unicode": "e73b",
      "unicode_decimal": 59195
    },
    {
      "icon_id": "9231537",
      "name": "摄影",
      "font_class": "sheying",
      "unicode": "e68b",
      "unicode_decimal": 59019
    },
    {
      "icon_id": "15838535",
      "name": "setting",
      "font_class": "setting",
      "unicode": "e67d",
      "unicode_decimal": 59005
    },
    {
      "icon_id": "17740491",
      "name": "书",
      "font_class": "shu",
      "unicode": "e87d",
      "unicode_decimal": 59517
    }
  ]
}
